{"cameraMode":{"drawMode":0,"name":"Shaded","section":"Shading Mode"},"sceneLighting":true,"audioPlay":false,"sceneViewState":{"showFog":true,"showMaterialUpdate":false,"showSkybox":false,"showFlares":true,"showImageEffects":true,"showParticleSystems":true},"in2DMode":false,"pivot":{"x":0.029702186584472657,"y":1.2649998664855958,"z":2.4188079833984377},"rotation":{"x":0.04820169508457184,"y":0.9241276383399963,"z":-0.12441940605640412,"w":0.3580288290977478},"size":41.73408508300781,"orthographic":false}