{"cameraMode":{"drawMode":0,"name":"Shaded","section":"Shading Mode"},"sceneLighting":true,"audioPlay":false,"sceneViewState":{"showFog":true,"showMaterialUpdate":false,"showSkybox":false,"showFlares":true,"showImageEffects":true,"showParticleSystems":true},"in2DMode":false,"pivot":{"x":28.373676300048829,"y":7.0438995361328129,"z":-17.622140884399415},"rotation":{"x":-0.009530109353363514,"y":0.4737246632575989,"z":-0.005125234369188547,"w":-0.8806065917015076},"size":1.5151126384735108,"orthographic":false}